[
  {
    "_id": 1,
	 "title": "Awesome Image Post from Admin",
    "image": "http://3.bp.blogspot.com/-bTWNRjookMQ/VYGjnv5nKtI/AAAAAAAAA08/wXshQ9sNDeU/s300-c/blank-792125_1280.jpg",
	 "image_full": "http://3.bp.blogspot.com/-bTWNRjookMQ/VYGjnv5nKtI/AAAAAAAAA08/wXshQ9sNDeU/s1600/blank-792125_1280.jpg"
  },
  {
    "_id": 2,
	 "title": "Awesome Image Post from Admin",
    "image": "http://2.bp.blogspot.com/-YytBQ-VwmQc/VYGjnsxx_yI/AAAAAAAAA04/uncM-5p5MbI/s300-c/board-761586_1280.jpg",
	 "image_full": "http://2.bp.blogspot.com/-YytBQ-VwmQc/VYGjnsxx_yI/AAAAAAAAA04/uncM-5p5MbI/s1600/board-761586_1280.jpg"
  },
  {
    "_id": 3,
	 "title": "Awesome Image Post from Admin",
    "image": "http://1.bp.blogspot.com/-M0fdr0xWaaA/VYGjpZwTflI/AAAAAAAAA1I/f3sxnFuhMCc/s300-c/business-792113_1280.jpg",
	 "image_full": "http://1.bp.blogspot.com/-M0fdr0xWaaA/VYGjpZwTflI/AAAAAAAAA1I/f3sxnFuhMCc/s1600/business-792113_1280.jpg"
  },
  {
    "_id": 4,
	 "title": "Awesome Image Post from Admin",
    "image": "http://3.bp.blogspot.com/-IvUXSLYsXwk/VYGjs7E23CI/AAAAAAAAA1Q/RDJcktzwYzQ/s300-c/cactus-787931_1280.jpg",
	 "image_full": "http://3.bp.blogspot.com/-IvUXSLYsXwk/VYGjs7E23CI/AAAAAAAAA1Q/RDJcktzwYzQ/s1600/cactus-787931_1280.jpg"
  },
  {
    "_id": 5,
	 "title": "Awesome Image Post from Admin",
    "image": "http://1.bp.blogspot.com/-IMsTheNxIqo/VYGjyM2hLiI/AAAAAAAAA1g/ZQO2uRgQSU4/s300-c/cappadocia-805624_1280.jpg",
	 "image_full": "http://1.bp.blogspot.com/-IMsTheNxIqo/VYGjyM2hLiI/AAAAAAAAA1g/ZQO2uRgQSU4/s1600/cappadocia-805624_1280.jpg"
  },
  {
    "_id": 6,
	 "title": "Awesome Image Post from Admin",
    "image": "http://3.bp.blogspot.com/-zR75pEKCSSU/VYGjwNogrmI/AAAAAAAAA1Y/xgPrSXra3fE/s300-c/darts-102919_1280.jpg",
	 "image_full": "http://3.bp.blogspot.com/-zR75pEKCSSU/VYGjwNogrmI/AAAAAAAAA1Y/xgPrSXra3fE/s1600/darts-102919_1280.jpg"
  },
  {
    "_id": 7,
	 "title": "Awesome Image Post from Admin",
    "image": "http://1.bp.blogspot.com/-F508t9rbLAs/VYGj6BK-O1I/AAAAAAAAA1o/aPlZysKleoI/s300-c/darts-155726_1280.png",
	 "image_full": "http://1.bp.blogspot.com/-F508t9rbLAs/VYGj6BK-O1I/AAAAAAAAA1o/aPlZysKleoI/s1600/darts-155726_1280.png"
  },
  {
    "_id": 8,
	 "title": "Awesome Image Post from Admin",
    "image": "http://3.bp.blogspot.com/-PzPenQ-FGz0/VYGj9bPPbCI/AAAAAAAAA1w/0xw6K-h5bz0/s300-c/girl-785304_1280.jpg",
	 "image_full": "http://3.bp.blogspot.com/-PzPenQ-FGz0/VYGj9bPPbCI/AAAAAAAAA1w/0xw6K-h5bz0/s1600/girl-785304_1280.jpg"
  },
  {
    "_id": 9,
	 "title": "Awesome Image Post from Admin",
    "image": "http://4.bp.blogspot.com/-Ips46dmnU6M/VYGj9ubrwyI/AAAAAAAAA10/pa7wuEboOdg/s300-c/monkey-161227_1280.png",
	 "image_full": "http://4.bp.blogspot.com/-Ips46dmnU6M/VYGj9ubrwyI/AAAAAAAAA10/pa7wuEboOdg/s1600/monkey-161227_1280.png"
  },
  {
    "_id": 10,
	 "title": "Awesome Image Post from Admin",
    "image": "http://1.bp.blogspot.com/-BdewC981JO4/VYGkBpTdmOI/AAAAAAAAA2A/l1M0YOVSYiU/s300-c/pamukkale-14984_1280.jpg",
	 "image_full": "http://1.bp.blogspot.com/-BdewC981JO4/VYGkBpTdmOI/AAAAAAAAA2A/l1M0YOVSYiU/s1600/pamukkale-14984_1280.jpg"
  },
  {
    "_id": 11,
	 "title": "Awesome Image Post from Admin",
    "image": "http://4.bp.blogspot.com/-hof2H_08j5E/VYGkEIxqg8I/AAAAAAAAA2I/i9zwpSI1DoI/s300-c/stork-782060_1280.jpg",
	 "image_full": "http://4.bp.blogspot.com/-hof2H_08j5E/VYGkEIxqg8I/AAAAAAAAA2I/i9zwpSI1DoI/s1600/stork-782060_1280.jpg"
  },
  {
    "_id": 12,
	 "title": "Awesome Image Post from Admin",
    "image": "http://4.bp.blogspot.com/-Ips46dmnU6M/VYGj9ubrwyI/AAAAAAAAA10/pa7wuEboOdg/s300-c/monkey-161227_1280.png",
	 "image_full": "http://4.bp.blogspot.com/-Ips46dmnU6M/VYGj9ubrwyI/AAAAAAAAA10/pa7wuEboOdg/s1600/monkey-161227_1280.png"
  }
]